{"v":"5.7.9","fr":30,"ip":0,"op":60,"w":24,"h":24,"nm":"refresh","ddd":0,"assets":[],"layers":[{"ddd":0,"ind":1,"ty":4,"nm":"Layer 1 Outlines","sr":1,"ks":{"o":{"a":0,"k":100,"ix":11},"r":{"a":1,"k":[{"i":{"x":[0.833],"y":[0.833]},"o":{"x":[0.167],"y":[0.167]},"t":0,"s":[0]},{"t":59,"s":[360]}],"ix":10},"p":{"a":0,"k":[12,12,0],"ix":2,"l":2},"a":{"a":0,"k":[9.91,10.45,0],"ix":1,"l":2},"s":{"a":0,"k":[90,90,100],"ix":6,"l":2}},"ao":0,"shapes":[{"ty":"gr","it":[{"ind":0,"ty":"sh","ix":1,"ks":{"a":0,"k":{"i":[[0,0],[1.512,-1.512],[2.304,0],[1.494,1.41],[0,0],[0,0],[0,0],[0,0],[0,0],[0,0],[-2.52,0],[0,5.334]],"o":[[0,2.304],[-1.512,1.512],[-2.214,0],[0,0],[0,0],[0,0],[0,0],[0,0],[0,0],[1.722,1.584],[5.334,0],[0,0]],"v":[[7.44,-5.1],[4.998,0.798],[-0.9,3.24],[-6.612,0.96],[-3.3,0.96],[-3.3,-0.36],[-8.76,-0.36],[-8.76,5.1],[-7.44,5.1],[-7.44,2.004],[-0.9,4.56],[8.76,-5.1]],"c":true},"ix":2},"nm":"Path 1","mn":"ADBE Vector Shape - Group","hd":false},{"ty":"fl","c":{"a":0,"k":[0.117647066303,0.137254901961,0.278431372549,1],"ix":4},"o":{"a":0,"k":100,"ix":5},"r":1,"bm":0,"nm":"Fill 1","mn":"ADBE Vector Graphic - Fill","hd":false},{"ty":"tr","p":{"a":0,"k":[10.811,15.55],"ix":2},"a":{"a":0,"k":[0,0],"ix":1},"s":{"a":0,"k":[100,100],"ix":3},"r":{"a":0,"k":0,"ix":6},"o":{"a":0,"k":100,"ix":7},"sk":{"a":0,"k":0,"ix":4},"sa":{"a":0,"k":0,"ix":5},"nm":"Transform"}],"nm":"Group 1","np":2,"cix":2,"bm":0,"ix":1,"mn":"ADBE Vector Group","hd":false},{"ty":"gr","it":[{"ind":0,"ty":"sh","ix":1,"ks":{"a":0,"k":{"i":[[-2.304,0],[-1.494,-1.41],[0,0],[0,0],[0,0],[0,0],[0,0],[0,0],[2.52,0],[0,-5.334],[0,0],[-1.512,1.512]],"o":[[2.214,0],[0,0],[0,0],[0,0],[0,0],[0,0],[0,0],[-1.722,-1.584],[-5.334,0],[0,0],[0,-2.304],[1.512,-1.512]],"v":[[0.9,-3.24],[6.612,-0.96],[3.3,-0.96],[3.3,0.36],[8.76,0.36],[8.76,-5.1],[7.44,-5.1],[7.44,-2.004],[0.9,-4.56],[-8.76,5.1],[-7.44,5.1],[-4.998,-0.798]],"c":true},"ix":2},"nm":"Path 1","mn":"ADBE Vector Shape - Group","hd":false},{"ty":"fl","c":{"a":0,"k":[0.117647066303,0.137254901961,0.278431372549,1],"ix":4},"o":{"a":0,"k":100,"ix":5},"r":1,"bm":0,"nm":"Fill 1","mn":"ADBE Vector Graphic - Fill","hd":false},{"ty":"tr","p":{"a":0,"k":[9.01,5.35],"ix":2},"a":{"a":0,"k":[0,0],"ix":1},"s":{"a":0,"k":[100,100],"ix":3},"r":{"a":0,"k":0,"ix":6},"o":{"a":0,"k":100,"ix":7},"sk":{"a":0,"k":0,"ix":4},"sa":{"a":0,"k":0,"ix":5},"nm":"Transform"}],"nm":"Group 2","np":2,"cix":2,"bm":0,"ix":2,"mn":"ADBE Vector Group","hd":false}],"ip":0,"op":60,"st":0,"bm":0}],"markers":[]}